date,eur_usd,inventory,production,rigs,inflation,wti_6m_rolling,wti_12m_rolling,wti_6m_lag,wti
2006-01-01,1.21255,304091.6405529954,5048.0,1473.0,4.0,62.675214803312635,58.04564035335374,58.99550000000001,65.485
2006-02-01,1.1939736842105262,309749.7397959184,5032.0,1533.0,3.6,62.116187343358405,59.16914912528356,64.98521739130435,61.63105263157895
2006-03-01,1.2028434782608697,322816.12442396313,5027.0,1551.0,3.4,61.63261246413134,59.877349059407415,65.58666666666666,62.68521739130435
2006-04-01,1.227325,328993.5904761905,5082.0,1597.0,3.5,62.82989316588573,61.2494021086973,62.260000000000005,69.44368421052631
2006-05-01,1.2767454545454546,329557.3087557604,5151.0,1635.0,4.2,64.91682498406755,63.00025889080408,58.322500000000005,70.84409090909091
2006-06-01,1.266059090909091,328898.7904761905,5163.0,1665.0,4.3,66.83999237223493,64.21681192110711,59.411904761904765,70.9509090909091
2006-07-01,1.268065,319415.33640553,5094.0,1681.0,4.1,68.32766781083141,65.50144130707203,65.485,74.41105263157894
2006-08-01,1.2810478260869569,315412.7603686636,5040.0,1738.0,3.8,70.22966628527841,66.1729268143184,61.63105263157895,73.04304347826087
2006-09-01,1.2722099999999998,310712.180952381,5031.0,1739.0,2.1,70.41513005339435,66.02387125876285,62.68521739130435,63.798
2006-10-01,1.2617190476190476,316513.1981566821,5108.0,1734.0,1.3,68.6567129880036,65.74330307694466,69.44368421052631,58.89318181818182
2006-11-01,1.2887666666666666,322078.58095238096,5064.0,1706.0,2.0,66.69644783648846,65.80663641027799,70.84409090909091,59.0825
2006-12-01,1.32048,311706.7465437788,5186.0,1718.0,2.5,65.19779632133694,66.01889434678594,70.9509090909091,61.959
2007-01-01,1.2993,303906.995391705,5108.0,1714.0,2.1,61.88031929543886,65.10399355313514,74.41105263157894,54.50619047619048
2007-02-01,1.308021052631579,308904.6581632653,5118.0,1736.0,2.4,59.58630327713223,64.90798478120531,73.04304347826087,59.27894736842105
2007-03-01,1.324590909090909,310610.30414746545,5119.0,1749.0,2.8,59.026939640768596,64.72103484708147,63.798,60.441818181818185
2007-04-01,1.351290476190476,316860.74761904764,5180.0,1750.0,2.6,59.87424267107161,64.26547782953762,58.89318181818182,63.977
2007-05-01,1.3517818181818182,325079.53917050693,5211.0,1748.0,2.7,60.60291691349587,63.64968237499215,59.0825,63.45454545454545
2007-06-01,1.342061904761905,330811.7380952381,5075.0,1771.0,2.7,61.52459151667046,63.36119391900371,61.959,67.48904761904762
2007-07-01,1.3726476190476191,332734.2350230415,5038.0,1777.0,2.4,64.79316294524189,63.33674112034038,54.50619047619048,74.11761904761904
2007-08-01,1.3625869565217392,318561.7603686636,4970.0,1804.0,2.0,66.97268620992533,63.27949474352878,59.27894736842105,72.35608695652174
2007-09-01,1.390985,304696.5904761905,4902.0,1783.0,2.8,70.21817265330652,64.62255614703756,60.441818181818185,79.91473684210526
2007-10-01,1.4233043478260867,300355.81105990784,5022.0,1762.0,3.5,73.85512192866884,66.86468229987024,63.977,85.7986956521739
2007-11-01,1.468252380952381,295003.17142857146,5034.0,1798.0,4.3,79.07476117830808,69.83883904590198,63.45454545454545,94.77238095238096
2007-12-01,1.45588,279186.9078341014,5111.0,1811.0,4.1,83.10775324180015,72.31617237923531,67.48904761904762,91.687
2008-01-01,1.4728142857142856,271909.18894009216,5115.0,1749.0,4.3,86.24989609894301,75.52152952209245,74.11761904761904,92.9704761904762
2008-02-01,1.4759449999999998,286672.3793103448,5148.0,1765.0,4.0,90.08821493952273,78.53045057472403,72.35608695652174,95.386
2008-03-01,1.5520190476190474,295259.03686635947,5189.0,1797.0,4.0,94.34475879917183,82.28146572623918,79.91473684210526,105.454
2008-04-01,1.5753636363636363,299650.74761904764,5180.0,1829.0,3.9,98.80838528138527,86.33175360502706,85.7986956521739,112.58045454545454
2008-05-01,1.5554142857142856,300710.5668202765,5143.0,1863.0,4.2,103.91259163059163,91.49367640444986,94.77238095238096,125.39761904761905
2008-06-01,1.5561714285714283,283885.76666666666,5138.0,1902.0,5.0,110.9447582972583,97.02625576952921,91.687,133.88
2008-07-01,1.5758636363636362,278259.6405529954,5177.0,1932.0,5.6,117.67816378066378,101.96402993980338,92.9704761904762,133.3709090909091
2008-08-01,1.4955380952380952,284622.96774193546,5003.0,1987.0,5.4,121.2248621933622,105.65653856644245,95.386,116.66619047619048
2008-09-01,1.4341666666666666,276892.3619047619,3974.0,2014.0,4.9,121.00157647907649,107.67316763912417,105.454,104.11428571428571
2008-10-01,1.3266272727272728,291545.2626728111,4738.0,1976.0,3.7,115.00628333019637,106.90733430579083,112.58045454545454,76.6086956521739
2008-11-01,1.274422222222222,298533.49523809523,5078.0,1935.0,1.1,103.65825910296162,103.78542536677662,125.39761904761905,57.30947368421053
2008-12-01,1.3511454545454546,302522.4101382489,5103.0,1782.0,0.1,88.19856213326466,99.57166021526147,133.88,41.121818181818185
2009-01-01,1.324445,315490.8156682028,5144.0,1553.0,0.0,72.92174395144647,95.29995386605513,133.3709090909091,41.71
2009-02-01,1.2796842105263158,332214.5969387755,5239.0,1320.0,0.2,59.99194027559016,90.60840123447616,116.66619047619048,39.08736842105263
2009-03-01,1.305031818181818,336563.5253456221,5219.0,1105.0,-0.4,50.6294078080577,85.8154921435671,104.11428571428571,47.93909090909092
2009-04-01,1.3198909090909092,350476.6047619048,5278.0,995.0,-0.7,46.135736310473156,80.57100982033477,76.6086956521739,49.64666666666666
2009-05-01,1.364585,349697.1935483871,5377.0,918.0,-1.3,46.422240696438074,75.04024989969984,57.30947368421053,59.0285
2009-06-01,1.4014454545454549,337515.78095238097,5269.0,895.0,-1.4,51.17542251461989,69.68699232394226,41.121818181818185,69.64090909090909
2009-07-01,1.4091652173913043,327852.5668202765,5398.0,931.0,-2.1,54.915801302498664,63.918772626972576,41.71,64.15227272727272
2009-08-01,1.4266238095238095,327856.07834101387,5418.0,980.0,-1.5,60.24203354978355,60.11698691268686,39.08736842105263,71.04476190476191
2009-09-01,1.4575142857142858,318365.7857142857,5559.0,1009.0,-1.3,63.820200937950936,57.22480437300431,47.93909090909092,69.40809523809523
2009-10-01,1.4821142857142855,320097.0460829493,5524.0,1044.0,-0.2,68.16499891774892,57.15036761411104,49.64666666666666,75.71545454545455
2009-11-01,1.4907526315789474,319715.3904761905,5395.0,1107.0,1.8,71.32524891774891,58.87374480709349,59.0285,77.99
2009-12-01,1.4578545454545455,312005.0921658986,5452.0,1172.0,2.7,72.1300974025974,61.65275995860864,69.64090909090909,74.47
2010-01-01,1.4265736842105263,308393.5529953917,5404.0,1267.0,2.6,74.49235019366598,64.70407574808233,64.15227272727272,78.32578947368421
2010-02-01,1.3679947368421053,314959.1020408163,5553.0,1350.0,2.1,75.38278461304778,67.81240908141565,71.04476190476191,76.38736842105263
2010-03-01,1.357004347826087,327621.14746543777,5515.0,1419.0,2.3,77.34868178351016,70.58444136073055,69.40809523809523,81.20347826086957
2010-04-01,1.3416818181818182,335910.28095238097,5392.0,1479.0,2.2,78.77824888307727,73.47162390041309,75.71545454545455,84.29285714285714
2010-05-01,1.256315,342420.20276497694,5401.0,1513.0,2.0,78.07049888307726,74.69787390041309,77.99,73.7435
2010-06-01,1.2223363636363638,342362.87142857147,5380.0,1531.0,1.1,78.21481706489544,75.17245723374641,74.47,75.3359090909091
2010-07-01,1.281057142857143,335929.75115207373,5298.0,1573.0,1.2,77.88043945420205,76.18639482393401,78.32578947368421,76.31952380952382
2010-08-01,1.2902909090909092,336806.8571428571,5447.0,1638.0,1.1,77.91572653554176,76.64925557429476,76.38736842105263,76.59909090909092
2010-09-01,1.3102857142857145,338046.6904761905,5616.0,1655.0,1.1,76.92213095238095,77.13540636794556,81.20347826086957,75.24190476190476
2010-10-01,1.390095,342682.1198156682,5631.0,1668.0,1.2,76.52213095238095,77.65018991772911,84.29285714285714,81.89285714285714
2010-11-01,1.365425,339276.6523809524,5576.0,1683.0,1.1,78.27369047619048,78.17209467963387,73.7435,84.25285714285714
2010-12-01,1.3221333333333334,322554.5069124424,5607.0,1711.0,1.5,80.57535714285713,79.39508710387629,75.3359090909091,89.14590909090909
2011-01-01,1.337065,316350.65898617514,5497.0,1711.0,1.6,82.7171865079365,80.29881298106928,76.31952380952382,89.1705
2011-02-01,1.365589473684211,324385.71428571426,5406.0,1718.0,2.1,84.71374153185995,81.31473403370086,76.59909090909092,88.57842105263158
2011-03-01,1.4019826086956524,330659.24423963134,5618.0,1720.0,2.7,89.31617769473091,83.11915432355592,75.24190476190476,102.85652173913044
2011-04-01,1.4459761904761903,338525.32857142854,5562.0,1790.0,3.2,93.92278483758804,85.2224578949845,81.89285714285714,109.5325
2011-05-01,1.433452380952381,348615.6129032258,5625.0,1836.0,3.6,96.69738801219121,87.48553924419086,84.25285714285714,100.90047619047618
2011-06-01,1.4402863636363636,341723.17142857146,5589.0,1863.0,3.6,97.88375164855485,89.22955439570599,89.14590909090909,96.26409090909092
2011-07-01,1.4275,332482.4930875576,5440.0,1900.0,3.6,99.23925164855484,90.97821907824567,89.1705,97.3035
2011-08-01,1.4333173913043478,331299.8018433179,5665.0,1957.0,3.8,98.8650220528264,91.78938179234318,88.57842105263158,86.33304347826088
2011-09-01,1.3746714285714283,321254.8952380952,5614.0,1978.0,3.9,95.97480811217768,92.64549290345428,102.85652173913044,85.51523809523809
2011-10-01,1.373245,314758.96313364053,5902.0,2017.0,3.5,92.1064549375745,93.01461988758128,109.5325,86.32238095238095
2011-11-01,1.35576,312999.64285714284,6039.0,2011.0,3.4,91.48312160424116,94.09025480821619,100.90047619047618,97.1604761904762
2011-12-01,1.3154571428571429,307394.92165898613,6112.0,2003.0,3.0,91.86624930986888,94.87500047921186,96.26409090909092,98.56285714285715
2012-01-01,1.290985,309302.4193548387,6177.0,2003.0,2.9,92.36124930986888,95.80025047921187,97.3035,100.2735
2012-02-01,1.323835,315756.7389162562,6268.0,1990.0,2.9,95.00640873015873,96.93571539149258,86.33304347826088,102.204
2012-03-01,1.32075,325077.6912442396,6327.0,1979.0,2.7,98.44682359307359,97.21081585262563,85.51523809523809,106.15772727272729
2012-04-01,1.3160190476190476,344563.0952380952,6320.0,1962.0,2.3,101.27992676767677,96.69319085262562,86.32238095238095,103.321
2012-05-01,1.2806454545454544,357868.72811059904,6370.0,1977.0,1.7,100.86227164502164,96.1726966246314,97.1604761904762,94.65454545454546
2012-06-01,1.254133333333333,359659.44761904766,6275.0,1972.0,1.7,98.15235101010101,95.00930015998495,98.56285714285715,82.30333333333333
2012-07-01,1.2277619047619048,351432.0875576037,6431.0,1944.0,1.4,96.08930735930737,94.22527833458811,100.2735,87.8952380952381
2012-08-01,1.2406217391304348,338133.0599078341,6351.0,1913.0,1.7,94.74385808394504,94.8751334070519,102.204,94.13130434782607
2012-09-01,1.288457894736842,336887.7,6598.0,1859.0,2.0,92.80318424024487,95.62500391665924,106.15772727272729,94.51368421052632
2012-10-01,1.2973818181818182,344200.5806451613,6970.0,1834.0,2.2,90.49823496488257,95.88908086627966,103.321,89.4913043478261
2012-11-01,1.28374,347429.0333333333,7082.0,1809.0,1.8,89.14438215102975,95.00332689802569,94.65454545454546,86.53142857142858
2012-12-01,1.311945,341491.4700460829,7106.0,1784.0,1.7,90.07040992880754,94.11138046945426,82.30333333333333,87.8595
2013-01-01,1.3303904761904763,336056.9493087557,7083.0,1756.0,1.6,91.21398135737896,93.65164435834315,87.8952380952381,94.75666666666667
2013-02-01,1.3346736842105262,347073.25,7145.0,1762.0,2.0,91.41025519414478,93.0770566390449,94.13130434782607,95.30894736842104
2013-03-01,1.2953142857142856,356168.400921659,7214.0,1756.0,1.5,91.1477244923904,91.97545436631763,94.51368421052632,92.9385
2013-04-01,1.302518181818182,361376.1857142857,7374.0,1755.0,1.1,91.56940104047999,91.03381800268129,89.4913043478261,92.02136363636365
2013-05-01,1.2983136363636365,366330.2580645161,7326.0,1767.0,1.4,92.89908718766613,91.02173466934795,86.53142857142858,94.50954545454546
2013-06-01,1.319715,362924.06666666665,7277.0,1761.0,1.8,94.21792052099947,92.14416522490349,87.8595,95.7725
2013-07-01,1.3087863636363637,339322.0184331797,7522.0,1766.0,2.0,95.87029425837322,93.54213780787609,94.75666666666667,104.67090909090908
2013-08-01,1.3313545454545457,332328.81105990784,7534.0,1781.0,1.5,97.7475909090909,94.57892305161785,95.30894736842104,106.57272727272726
2013-09-01,1.336415,330676.6952380952,7838.0,1760.0,1.2,99.97275757575757,95.56024103407397,92.9385,106.2895
2013-10-01,1.3645909090909092,348693.8202764977,7760.0,1744.0,1.0,101.39224044795783,96.48082074421893,92.02136363636365,100.53826086956522
2013-11-01,1.349084210526316,358718.4666666667,7919.0,1756.0,1.2,101.28464953886693,97.09186836326653,94.50954545454546,93.864
2013-12-01,1.3708,339767.63594470045,7932.0,1771.0,1.5,101.5934392214066,97.90567987120305,95.7725,97.6252380952381
2014-01-01,1.361795238095238,323525.9447004608,8072.0,1769.0,1.6,99.91781151577891,97.89405288707606,104.67090909090908,94.61714285714284
2014-02-01,1.366521052631579,330512.25,8149.0,1769.0,1.1,98.95858504049981,98.35308797479536,106.57272727272726,100.81736842105263
2014-03-01,1.3828190476190476,344287.2350230415,8291.0,1803.0,1.5,98.04430329446807,99.0085304351128,106.2895,100.80380952380952
2014-04-01,1.381018181818182,362182.2714285714,8520.0,1835.0,2.0,98.29943441938178,99.84583743366981,100.53826086956522,102.0690476190476
2014-05-01,1.3738523809523808,362452.1152073733,8636.0,1859.0,2.1,99.68495822890559,100.48480388388627,93.864,102.17714285714284
2014-06-01,1.3594857142857142,355018.6952380952,8734.0,1861.0,2.1,101.04646616541352,101.31995269341007,97.6252380952381,105.7942857142857
2014-07-01,1.3533363636363636,341551.9400921659,8837.0,1876.0,2.0,102.54171508316244,101.22976329947068,94.61714285714284,103.58863636363638
2014-08-01,1.3315238095238096,331447.995391705,8920.0,1904.0,1.7,101.82818542568543,100.3933852330926,100.81736842105263,96.53619047619048
2014-09-01,1.2889095238095238,327888.519047619,9070.0,1930.0,1.7,100.57988383838382,99.31209356642596,100.80380952380952,93.314
2014-10-01,1.2677318181818182,342427.66359447,9250.0,1925.0,1.7,97.53162987012986,97.91553214475583,102.0690476190476,83.77952380952381
2014-11-01,1.24725,348291.17619047617,9307.0,1925.0,1.3,93.13368500797448,96.40932161844005,102.17714285714284,75.78947368421052
2014-12-01,1.2329190476190477,350577.7926267281,9546.0,1868.0,0.8,85.38304647983597,93.21475632262474,105.7942857142857,59.29045454545455
2015-01-01,1.16149,363994.0737327189,9375.0,1651.0,-0.1,75.98810708589656,89.2649110845295,103.58863636363638,47.219
2015-02-01,1.1350263157894738,394182.5255102041,9496.0,1348.0,0.0,68.32944376091744,85.07881459330143,96.53619047619048,50.58421052631579
2015-03-01,1.0819454545454543,427616.8847926267,9575.0,1109.0,-0.1,60.74771648819017,80.66380016328701,93.314,47.82363636363636
2015-04-01,1.0822045454545457,453768.6571428572,9648.0,976.0,-0.2,55.85993871041239,76.69578429027113,83.77952380952381,54.45285714285714
2015-05-01,1.116735,448810.2995391705,9463.0,889.0,0.0,53.10585976304397,73.11977238550922,75.78947368421052,59.265
2015-06-01,1.122559090909091,434963.7714285714,9347.0,861.0,0.1,53.1940415812258,69.28854403053087,59.29045454545455,59.819545454545455
2015-07-01,1.099740909090909,429575.3732718894,9433.0,866.0,0.2,53.80769309637731,64.89790009113693,47.219,50.90090909090909
2015-08-01,1.1136142857142857,422390.85253456223,9398.0,883.0,0.2,52.52159451659452,60.42551913875598,50.58421052631579,42.86761904761905
2015-09-01,1.1228523809523812,424757.1952380952,9469.0,848.0,0.0,52.13090909090909,56.43931278954963,47.82363636363636,45.47952380952381
2015-10-01,1.1227952380952382,442061.07834101387,9392.0,791.0,0.2,50.75937229437229,53.30965550239235,54.45285714285714,46.22363636363636
2015-11-01,1.072657894736842,455332.6,9326.0,760.0,0.5,47.94607864357864,50.52596920331131,59.265,42.385238095238094
2015-12-01,1.0888681818181818,454594.65437788016,9268.0,711.0,0.7,44.17724135767614,48.685641469450964,59.819545454545455,37.20652173913044
2016-01-01,1.0855052631578948,458741.2488479263,9204.0,643.0,1.4,41.01967317585795,47.41368313611763,50.90090909090909,31.9555
2016-02-01,1.10923,476580.802955665,9064.0,532.0,1.0,38.92890333458812,45.72524892559132,42.86761904761905,30.323
2016-03-01,1.1133521739130434,497115.93548387097,9106.0,477.0,0.9,37.60670997239475,44.86880953165192,45.47952380952381,37.54636363636364
2016-04-01,1.1345666666666667,506911.21904761903,8878.0,437.0,1.1,36.69531026099505,43.72734127768367,46.22363636363636,40.7552380952381
2016-05-01,1.1312047619047618,507159.9216589861,8837.0,407.0,1.0,37.41650073718552,42.68128969038208,42.385238095238094,46.71238095238096
2016-06-01,1.1231772727272729,499038.3952380952,8678.0,417.0,1.0,39.34162590187591,41.75943362977602,37.20652173913044,48.75727272727273
2016-07-01,1.105495,490978.3594470046,8667.0,449.0,0.8,41.4576259018759,41.23864953886693,31.9555,44.6515
2016-08-01,1.1206521739130435,492008.0184331797,8692.0,481.0,1.1,43.85785053955706,41.39337693707259,30.323,44.72434782608696
2016-09-01,1.1217809523809523,475521.4095238095,8545.0,509.0,1.5,45.124517206223736,41.36561358930924,37.54636363636364,45.14636363636364
2016-10-01,1.10144,473007.8571428571,8807.0,543.0,1.6,46.627850539557066,41.66158040027606,40.7552380952381,49.775238095238095
2016-11-01,1.07918,487878.7380952381,8906.0,580.0,1.7,46.452612444318966,41.934556590752244,46.71238095238096,45.66095238095238
2016-12-01,1.0544619047619048,484119.4055299539,8818.0,634.0,2.1,46.98814635485288,43.164886128364394,48.75727272727273,51.9704761904762
2017-01-01,1.0634947368421053,488171.5760368664,8873.0,683.0,2.5,48.29689635485288,44.87726112836439,44.6515,52.504
2017-02-01,1.0650210526315789,517015.6428571429,9111.0,744.0,2.7,49.75424189261032,46.80604621608369,44.72434782608696,53.46842105263158
2017-03-01,1.069104347826087,531474.6082949309,9167.0,789.0,2.4,50.45115230104246,47.7878347536331,45.14636363636364,49.32782608695652
2017-04-01,1.07138,531065.5428571429,9102.0,853.0,2.2,50.66536700446769,48.64660877201238,49.775238095238095,51.060526315789474
2017-05-01,1.1049863636363637,517540.27188940096,9187.0,893.0,1.9,51.1346022137029,48.79360732901093,45.66095238095238,48.47636363636364
2017-06-01,1.1233,509539.9428571428,9111.0,931.0,1.6,50.002477394078085,48.49531187446548,51.9704761904762,45.17772727272728
2017-07-01,1.153015,489101.4377880184,9247.0,953.0,1.7,49.02356511337632,48.6602307341146,52.504,46.630526315789474
2017-08-01,1.181291304347826,465569.5944700461,9248.0,947.0,1.9,48.11832102489425,48.93628145875228,53.46842105263158,48.03695652173913
2017-09-01,1.191335,468608.2523809524,9514.0,940.0,2.2,48.20068334373483,49.32591782238865,49.32782608695652,49.822
2017-10-01,1.175547619047619,458227.6175115208,9668.0,922.0,2.0,48.286883503224466,49.47612525384608,51.060526315789474,51.57772727272727
2017-11-01,1.174295,455839.0761904762,10086.0,911.0,2.2,49.64725146859243,50.39092684114767,48.47636363636364,56.63857142857143
2017-12-01,1.183615,436018.7880184332,9987.0,930.0,2.1,51.764546923137885,50.88351215860798,45.17772727272728,57.8815
2018-01-01,1.219652380952381,416198.0414746544,10002.0,937.0,2.1,54.60922110860154,51.81639311098894,46.630526315789474,63.69857142857144
2018-02-01,1.2339684210526316,421987.8316326531,10281.0,969.0,2.2,56.97464063568011,52.54648083028718,48.03695652173913,62.22947368421052
2018-03-01,1.2333954545454546,428406.4285714286,10467.0,989.0,2.4,59.125100953140425,53.66289214843763,49.822,62.72476190476191
2018-04-01,1.2269523809523808,430052.91904761904,10495.0,1011.0,2.5,61.57111466165414,54.9289990824393,51.57772727272727,66.25380952380952
2018-05-01,1.1822636363636363,434933.13364055305,10432.0,1046.0,2.8,63.79438305992253,56.720817264257484,56.63857142857143,69.97818181818182
2018-06-01,1.1679142857142857,425438.8095238095,10640.0,1056.0,2.9,65.4596886154781,58.612117769307986,57.8815,67.87333333333333
2018-07-01,1.1684619047619047,408207.732718894,10901.0,1050.0,2.9,66.67349813928762,60.64135962394459,63.69857142857144,70.98142857142857
2018-08-01,1.1546608695652174,408041.3225806452,11394.0,1050.0,2.7,67.64452788757137,62.30958426162574,62.22947368421052,68.05565217391305
2018-09-01,1.1666947368421052,397835.3285714285,11446.0,1053.0,2.3,68.89575178063737,64.0104263668889,62.72476190476191,70.2321052631579
2018-10-01,1.148759090909091,419099.331797235,11516.0,1063.0,2.5,69.6448994686981,65.60800706517612,66.25380952380952,70.74869565217391
2018-11-01,1.13639,443563.5619047619,11911.0,1077.0,2.2,67.47578583233445,65.6350844461285,69.97818181818182,56.9635
2018-12-01,1.1380388888888888,441668.5806451613,11985.0,1077.0,1.9,64.41735990640852,64.93852426094331,67.87333333333333,49.522777777777776
2019-01-01,1.14179,442496.6129032258,11873.0,1065.0,1.6,61.15318241723105,63.91334027825932,70.98142857142857,51.39636363636364
2019-02-01,1.1349444444444443,450219.6071428572,11672.0,1048.0,1.5,58.9749070549122,63.30971747124178,68.05565217391305,54.986
2019-03-01,1.1296142857142857,446056.1428571429,11910.0,1023.0,1.9,56.961460939623976,62.928606360130665,70.2321052631579,58.151428571428575
2019-04-01,1.1234,460391.4047619048,12143.0,1013.0,2.0,55.81374182299183,62.72932064584496,70.74869565217391,63.86238095238095
2019-05-01,1.1186909090909092,474564.4976958525,12153.0,986.0,1.8,56.4400425476295,61.957914189981985,56.9635,60.72130434782608
2019-06-01,1.129515,477284.56666666665,12221.0,970.0,1.6,57.29582958466654,60.85659474553754,49.522777777777776,54.657500000000006
2019-07-01,1.1211454545454544,449223.8940092166,11902.0,955.0,1.8,58.28945151828847,59.721316967759755,51.39636363636364,57.35809523809524
2019-08-01,1.1128681818181818,433886.930875576,12485.0,926.0,1.7,58.25943636677332,58.61717171084276,54.986,54.80590909090909
2019-09-01,1.10112,419235.8095238095,12589.0,878.0,1.7,58.043801446138396,57.50263119288119,58.151428571428575,56.857619047619046
2019-10-01,1.1058181818181818,434348.32718894014,12806.0,848.0,1.8,56.39391186711839,56.1038268450551,63.86238095238095,53.96304347826087
2019-11-01,1.105057894736842,449401.88095238095,12994.0,810.0,2.1,55.77819447581405,56.10911851172177,60.72130434782608,57.027
2019-12-01,1.1113666666666666,441537.91705069126,12980.0,804.0,2.3,56.64830811217768,56.97206884842211,54.657500000000006,59.878181818181815
2020-01-01,1.1097666666666666,430444.9723502304,12851.0,791.0,2.5,56.675133509003075,57.482292513645774,57.35809523809524,57.519047619047626
2020-02-01,1.0910736842105262,442328.236453202,12844.0,790.0,2.3,55.96458725700945,57.11201181189139,54.80590909090909,50.54263157894737
2020-03-01,1.104590909090909,457694.4700460829,12796.0,771.0,1.5,51.35627196119416,54.700036703666285,56.857619047619046,29.20772727272728
2020-04-01,1.0871090909090908,511520.05238095234,11911.0,565.0,0.3,45.12036788942052,50.75713987826946,53.96304347826087,16.547619047619047
2020-05-01,1.09073,531359.6589861751,9714.0,348.0,0.1,40.37628455608719,48.077239515950616,57.027,28.5625
2020-06-01,1.1259,537755.1904761905,10446.0,274.0,0.6,36.78113304093568,46.71472057655668,59.878181818181815,38.307272727272725
2020-07-01,1.1488272727272728,531184.059907834,11008.0,255.0,1.0,33.97970086200349,45.327417185503286,57.519047619047626,40.71045454545455
2020-08-01,1.1831142857142856,509239.69585253455,10585.0,250.0,1.3,32.61243686868687,44.28851206284816,50.54263157894737,42.33904761904762
2020-09-01,1.1785095238095238,495578.6666666667,10934.0,257.0,1.4,34.35019660894661,42.853234285070386,29.20772727272728,39.63428571428571
2020-10-01,1.1767809523809525,489510.33640553,10469.0,280.0,1.2,38.15824494949495,41.63930641945773,16.547619047619047,39.39590909090909
2020-11-01,1.1826277777777778,488862.4714285714,11210.0,311.0,1.2,40.22072301967039,40.298503787878786,28.5625,40.93736842105263
2020-12-01,1.2168,497344.12442396313,11179.0,341.0,1.4,41.67367756512494,39.2274053030303,38.307272727272725,47.025
2021-01-01,1.2177666666666669,480997.77880184335,11152.0,374.0,1.4,43.55667198298777,38.76818642249563,40.71045454545455,52.008421052631576
2021-02-01,1.2093947368421052,469597.9030612245,9938.0,397.0,1.7,46.34121667805878,39.47682677337283,42.33904761904762,59.04631578947369
2021-03-01,1.1901608695652173,500033.8847926267,11372.0,408.0,2.6,50.12434297205464,42.237269790500626,39.63428571428571,62.33304347826088
2021-04-01,1.1965409090909092,492745.5047619048,11353.0,436.0,4.2,53.84446923468091,46.00135709208792,39.39590909090909,61.71666666666666
2021-05-01,1.21463,483584.0552995392,11423.0,453.0,5.0,57.88315783117213,49.051940425421265,40.93736842105263,65.1695
2021-06-01,1.2048272727272726,461973.28095238097,11394.0,464.0,5.4,61.94202146753577,51.80784951633036,47.025,71.37818181818182
2021-07-01,1.182138095238095,439176.6728110599,11416.0,483.0,5.4,65.35482430797019,54.455748145478985,52.008421052631576,72.4852380952381
2021-08-01,1.1766954545454544,433151.16589861753,11314.0,501.0,5.3,66.80218076730034,56.571698722679564,59.04631578947369,67.73045454545455
2021-09-01,1.1764904761904762,418539.16190476186,10957.0,508.0,5.4,68.35437193362193,59.239357452838284,62.33304347826088,71.64619047619047
2021-10-01,1.159985,428351.8202764977,11637.0,538.0,6.2,71.64770526695527,62.746087250818086,61.71666666666666,81.47666666666666
2021-11-01,1.14159,433770.17619047617,11867.0,560.0,6.8,73.97737193362194,65.93026488239704,65.1695,79.14750000000001
2021-12-01,1.1300809523809523,424893.267281106,11752.0,579.0,7.0,74.032977994228,67.98749973088188,71.37818181818182,71.71181818181819
2022-01-01,1.131675,414793.0460829493,11442.0,601.0,7.5,75.82243831168832,70.58863130982925,72.4852380952381,83.22200000000001
2022-02-01,1.1349052631578949,412924.0612244898,11467.0,636.0,7.9,79.80753799270904,73.30485938000469,67.73045454545455,91.64105263157894
2022-03-01,1.1018521739130436,412723.7373271889,11875.0,662.0,8.5,85.95027436261933,77.15232314812063,71.64619047619047,108.50260869565216
2022-04-01,1.080295238095238,415956.7142857143,11812.0,690.0,8.3,89.33374658484155,80.49072592589842,81.47666666666666,101.7775
2022-05-01,1.0567190476190476,419511.07834101387,11742.0,719.0,8.6,94.40122674357171,84.18929933859683,79.14750000000001,109.55238095238094
2022-06-01,1.0567190476190476,417977.87142857147,11913.0,738.0,9.1,101.58878085612582,87.8108794251769,71.71181818181819,114.83714285714284
2022-07-01,1.016825,425390.3133640553,11992.0,757.0,8.5,104.65494752279248,90.23869291724039,83.22200000000001,101.619
2022-08-01,1.0128782608695652,424475.2857142857,12123.0,764.0,8.3,104.99230831608004,92.39992315439456,91.64105263157894,93.66521739130437
2022-09-01,0.9898809523809524,429608.8476190476,12439.0,762.0,8.2,100.9515560731539,93.45091521788662,108.50260869565216,84.25809523809524
2022-10-01,0.985295,437531.331797235,12431.0,768.0,7.7,98.58630607315389,93.96002632899773,101.7775,87.586
2022-11-01,1.01919,430390.1285714285,12467.0,779.0,7.1,94.38932194616977,94.39527434487074,109.55238095238094,84.37047619047618
2022-12-01,1.0590666666666668,419528.2119815668,12175.0,780.0,6.5,87.9976314699793,94.79320616305256,114.83714285714284,76.487
2023-01-01,1.07769,445701.2488479263,12611.0,772.0,6.4,84.08163146997929,94.36828949638588,101.619,78.123
2023-02-01,1.0702263157894736,472211.02040816325,12591.0,758.0,6.0,81.27620050125313,93.13425440866659,93.66521739130437,76.83263157894737
2023-03-01,1.0711347826086957,477295.1612903226,12815.0,752.0,5.0,79.4145482646009,90.1830521688774,84.25809523809524,73.08818181818182
2023-04-01,1.0962,465031.1904761905,12680.0,752.0,4.9,78.05793422951318,88.32212015133354,87.586,79.44631578947369
2023-05-01,1.0867090909090908,461030.4746543779,12730.0,728.0,4.0,75.92588516746412,85.15760355681694,84.37047619047618,71.57818181818182
2023-06-01,1.0840285714285716,459785.55238095234,12866.0,687.0,3.0,74.88606770714667,81.44184958856297,76.487,70.24809523809525
2023-07-01,1.10669,453114.004608295,12935.0,672.0,3.2,74.54381770714666,79.31272458856297,78.123,76.0695
2023-08-01,1.091,433457.6728110599,13047.0,647.0,3.7,75.30272693674239,78.28946371899775,76.83263157894737,81.38608695652174
2023-09-01,1.067175,417522.0571428572,13177.0,631.0,3.7,78.02552996704541,78.72003911582316,73.08818181818182,89.425
2023-10-01,1.056457142857143,421850.9078341014,13149.0,623.0,3.2,79.05773130372044,78.55783276661681,79.44631578947369,85.63952380952381
2023-11-01,1.08193,443440.8380952381,13281.0,619.0,3.1,80.07553433402346,78.00070975074378,71.57818181818182,77.685
2023-12-01,1.09094,439169.3041474655,13308.0,623.0,3.4,80.35085179434093,77.6184597507438,70.24809523809525,71.9
2024-01-01,1.0898904761904762,426466.8433179724,12554.0,620.0,3.1,80.03133195307107,77.28757483010887,76.0695,74.15238095238095
2024-02-01,1.0793,441000.0147783252,13102.0,622.0,3.2,79.37180868838765,77.337267812565,81.38608695652174,77.42894736842106
2024-03-01,1.0870190476190476,447962.1382488479,13171.0,625.0,3.5,78.01397535505431,78.01975266104986,89.425,81.27799999999999
2024-04-01,1.0723909090909092,457674.0,13249.0,617.0,3.4,77.95889598997493,78.5083136468477,85.63952380952381,85.30904761904762
2024-05-01,1.0810136363636362,457268.3133640553,13201.0,602.0,3.3,78.34882023239918,79.21217728321132,77.685,80.02454545454545
2024-06-01,1.0763263157894736,456656.5142857143,13240.0,588.0,3.0,79.66004830257462,80.00545004845777,71.9,79.76736842105262
2024-07-01,1.084659090909091,438455.3548387097,13192.0,586.0,2.9,80.93472723475355,80.48302959391232,74.15238095238095,81.80045454545454
2024-08-01,1.1020181818181818,426194.72811059904,13361.0,586.0,2.5,80.81043297638034,80.091120832384,77.42894736842106,76.68318181818182
2024-09-01,1.110425,416929.4666666667,13204.0,587.0,2.4,78.970099643047,78.49203749905065,81.27799999999999,70.236
2024-10-01,1.08945,423927.8064516129,13204.0,587.0,2.6,76.77931634422023,77.36910616709758,85.30904761904762,72.16434782608695
2024-11-01,1.0621315789473684,428223.7476190477,13204.0,587.0,2.7,75.10639210179598,76.72760616709759,80.02454545454545,69.987
2024-12-01,1.05026,421897.5054945055,13204.0,587.0,2.7,73.40819433465086,76.53412131861273,79.76736842105262,69.57818181818182
